{"cameraMode":{"drawMode":2,"name":"Shaded Wireframe","section":"Shading Mode"},"sceneLighting":true,"audioPlay":false,"sceneViewState":{"showFog":true,"showMaterialUpdate":false,"showSkybox":true,"showFlares":true,"showImageEffects":true,"showParticleSystems":true},"in2DMode":false,"pivot":{"x":0.4910087585449219,"y":2.8732080459594728,"z":-1.6345338821411133},"rotation":{"x":-0.05246413126587868,"y":0.9281179904937744,"z":-0.1434149146080017,"w":-0.33952489495277407},"size":19.029319763183595,"orthographic":false}